ID	3fm	360magazine	bright	kidsweek	nos	nrc	sevendays
Pron Pron Adv	178	12	3	4	3004	201	7
<s> Int </s>	82	0	1	0	0	106	0
N Conj Num	91	10	2	2	1935	30	5
V Art Art	0	0	1	0	0	0	1
N Misc V	301	15	3	0	5717	39	6
N Prep </s>	230	11	2	3	3237	106	5
Num Num N	142	10	2	3	3505	0	2
<s> Prep Prep	0	0	1	0	0	0	0
Conj Adv Pron	87	6	1	5	1874	75	3
Misc Art Misc	0	0	0	1	0	0	0
Int V Adv	0	0	0	3	1218	23	0
Adv Prep Prep	112	3	1	4	1999	39	1
Conj Prep Num	135	5	0	1	1390	0	3
Int V Adj	0	3	0	1	0	0	0
Conj N Conj	71	16	1	2	1659	35	5
Adv V Adv	319	16	6	4	7257	158	8
Art V N	116	9	3	8	4933	84	7
V N Prep	260	23	5	7	7712	116	7
Pron Adj Misc	76	4	1	3	0	0	1
Pron Pron Adj	113	6	5	2	2066	122	2
Num Num V	0	3	0	0	0	0	1
<s> Art Adv	0	0	1	1	0	0	0
Prep Pron Pron	119	8	4	4	1994	118	6
Num N Conj	209	17	0	7	4834	48	5
<s> N V	570	50	11	11	15039	218	12
Adj Prep Misc	130	7	3	2	1319	26	3
V V Conj	294	47	11	9	13949	347	16
V Adv Punc	0	0	1	0	0	0	0
N Adv Misc	87	4	0	0	1040	0	1
Punc Prep Adj	0	0	1	0	0	0	0
Adv Pron Adj	150	8	4	5	2258	80	4
N Adj Pron	0	0	0	1	0	30	2
Pron N </s>	367	31	9	9	6168	301	22
Adv Pron Adv	88	6	3	1	1921	99	3
Conj Adv Int	0	0	0	0	0	0	1
Art Adj Adv	142	4	3	10	3914	100	7
Art </s> <s>	76	5	2	0	1314	23	0
Pron Pron Num	0	0	0	1	0	0	1
<s> Art Adj	607	50	22	16	16623	210	21
Misc Num Art	0	0	0	0	0	0	1
V Prep Art	1467	130	29	33	59203	806	44
Adj N Pron	143	10	1	0	3602	95	5
Adv V Adj	81	6	0	3	2142	52	3
<s> Conj Conj	0	0	1	1	0	34	0
Prep Conj Conj	0	0	1	0	0	0	0
V N Adv	126	0	3	3	3151	62	2
Conj Conj Art	0	4	2	1	0	21	0
N Misc Misc	1264	39	5	19	6259	72	16
V N Adj	78	7	1	0	1725	31	4
V V Punc	0	0	1	0	0	0	0
Prep Art V	190	24	7	8	7266	141	5
Art Prep Art	89	10	3	3	3382	54	4
<s> Adj Pron	0	0	1	4	0	0	0
Adv Pron Conj	0	0	0	1	0	21	0
Adv Conj Int	0	0	2	0	0	0	0
Adv Int Adv	0	0	0	0	0	0	2
Conj Conj Adj	0	0	1	0	0	0	0
V Punc Prep	0	0	1	0	0	0	0
Adj Conj V	134	11	4	1	3125	79	6
Int Int Conj	0	0	0	1	0	0	0
<s> Prep Num	216	15	3	6	3272	24	2
Pron Adv V	222	23	4	8	6167	238	4
Adv V Prep	329	21	6	10	10121	174	9
Adv Num Pron	0	0	0	0	0	0	2
Misc Conj Prep	0	0	1	0	0	0	0
Pron Adv N	0	0	0	3	0	35	0
V Conj Conj	0	6	4	0	1048	33	3
Adv Adv Int	0	0	0	1	0	0	2
<s> Adj Punc	0	0	0	1	0	0	0
Prep Adj Conj	113	10	5	1	1838	23	6
Conj Art Art	0	0	1	0	0	22	0
N Num Int	0	0	0	0	0	0	4
Adv Prep </s>	78	0	5	4	1247	49	3
Conj N Misc	105	5	0	0	0	0	3
<s> Pron Adj	133	7	4	0	1428	90	8
N Adv Conj	111	5	2	2	2488	64	2
N Num Conj	126	3	0	0	1016	0	0
Conj Pron Prep	209	15	7	7	4957	196	9
Prep N Conj	372	56	9	13	12234	158	17
Num Prep Num	139	6	2	0	2118	0	0
Prep N Pron	99	11	1	0	2655	71	0
Misc V </s>	0	0	1	1	0	0	0
Punc Conj Num	0	0	1	0	0	0	0
V V </s>	585	73	17	28	24635	712	28
<s> Conj Pron	338	16	4	17	4189	318	14
Adj Conj Adj	137	15	3	3	3046	72	4
Adj Adv Conj	0	0	0	1	0	28	0
Conj V V	75	16	5	4	2901	62	2
N V </s>	777	86	12	38	24423	580	29
N Misc N	65	3	1	3	0	0	1
Adv Int V	0	0	0	0	0	0	2
V V Adv	199	46	9	12	7097	126	7
Adj Conj Adv	139	9	2	5	2493	75	9
<s> N Misc	251	4	0	0	0	0	0
N Conj Misc	138	7	0	0	0	0	0
Conj V N	72	0	1	1	1196	21	2
N Pron Pron	122	11	6	2	2440	87	3
V Misc </s>	0	4	1	1	1319	0	0
Prep V Adv	0	9	2	0	1351	38	0
Conj Art Adv	0	0	2	1	1451	48	0
Num V V	92	16	2	4	2812	0	3
N Art Num	69	0	1	0	1172	0	0
Prep Pron Conj	70	7	0	0	1329	41	1
Prep Adv N	0	0	2	0	0	0	0
Adv Conj V	59	0	1	3	1671	47	3
Pron Adj Pron	0	3	1	1	0	43	2
Punc N Conj	0	0	1	0	0	0	0
Adj Prep </s>	88	0	0	2	1163	45	7
Prep Adv V	0	6	0	4	1914	44	2
Adv Conj N	63	7	0	5	1765	39	4
Art Adj Adj	532	27	18	15	9835	212	21
Conj Art Adj	368	28	15	15	11155	242	18
V Conj Num	0	4	2	1	1555	0	0
Num V N	77	0	0	0	0	0	0
Adj Misc Conj	0	0	1	2	0	0	2
V V Prep	642	69	14	13	22706	303	17
Prep N Adj	208	18	2	1	5488	77	4
N V N	383	18	4	3	9163	119	13
Punc V Prep	0	0	1	1	0	0	0
Conj Adj Prep	88	7	1	6	2093	59	6
V N Misc	72	5	1	3	1028	21	0
Int Art Adj	0	3	4	0	0	0	2
N Adj Adv	82	5	2	1	1683	40	3
N N Pron	104	0	2	1	1589	26	3
Adj Pron Adv	0	0	1	3	0	36	3
Adj Pron Adj	63	0	0	0	0	32	0
Adv Conj Art	93	11	6	3	3460	96	3
N Adj Adj	87	5	3	0	1621	34	0
Num Conj N	0	6	0	0	0	0	0
N V V	778	112	32	26	34470	633	28
Int Misc Misc	205	28	2	0	0	0	0
N V Num	123	17	3	7	3994	21	3
N N </s>	496	35	3	9	6492	70	9
Adj Misc Adj	0	0	0	0	0	0	4
Pron Prep Conj	0	0	1	0	0	0	4
<s> Conj V	61	6	0	1	1026	61	0
Adv Art Adv	0	0	0	0	0	27	0
N Pron Adv	123	5	3	4	3412	102	4
Pron V Pron	363	21	6	16	7934	407	18
Adv Int Art	0	0	0	1	0	0	0
Num Int Misc	0	0	1	0	0	0	0
Adv Art Adj	587	17	21	14	8953	244	16
N Pron Adj	102	10	2	0	2252	61	0
Pron Art Adv	0	0	0	0	0	44	3
N Misc </s>	394	47	2	5	4956	62	6
Pron Adj </s>	121	0	2	13	1933	79	2
Num Conj Art	0	0	2	0	0	0	2
<s> Conj N	86	6	2	0	1253	64	3
Adv N Num	0	0	0	1	0	0	0
Art Misc Adv	0	0	0	1	0	0	0
Adj Adj Adj	113	6	4	4	1306	39	3
<s> Int Pron	0	0	1	1	0	27	0
Int Conj Int	0	0	1	0	0	0	0
Misc Adv Prep	60	0	0	1	0	0	0
Art Adv V	61	0	1	0	1994	63	0
Pron Num N	184	14	3	7	2788	42	3
N Adj Conj	139	14	1	1	2856	51	3
Art V Art	64	0	0	2	2396	45	0
<s> Adv Art	83	0	1	3	2241	32	4
Adj Int Prep	0	0	0	3	0	0	0
Adj Adv Adj	100	4	5	2	1531	34	3
Adv Adj Prep	315	15	6	8	6012	158	10
N Prep Prep	310	18	8	20	6661	96	6
<s> Pron Int	0	0	0	0	0	25	0
Int Conj Pron	0	0	1	0	0	0	0
V Adj N	156	18	0	10	4600	77	12
Pron Adj Adj	256	6	3	3	1681	87	7
Conj V Prep	161	17	6	5	4679	87	8
V Art Adv	190	7	6	5	4355	101	3
N Prep Conj	145	7	1	4	2119	35	4
Prep N Num	548	8	1	1	3537	0	0
V Adj V	98	14	3	2	3732	82	3
Pron Adj Conj	85	8	1	4	1347	96	4
Pron Adj Adv	128	0	4	1	1659	93	5
V Art Adj	724	73	18	32	20653	376	22
N Misc Prep	200	13	2	1	2514	28	7
Adj Adv Adv	122	8	3	3	2008	68	8
N Punc Misc	0	0	0	1	0	0	0
Conj Adj Adj	59	5	1	2	1051	25	5
Pron Prep Art	398	32	6	8	10475	390	15
Misc Prep N	203	10	4	0	1583	0	1
Prep V Adj	0	0	1	2	0	21	2
Art Art N	0	0	3	0	0	26	0
Adv N V	65	12	1	2	2630	53	0
V Misc Conj	0	0	0	1	0	0	0
Art Num V	0	0	2	2	1986	0	4
Prep Adj Prep	78	8	3	1	2830	42	3
Adv N N	0	0	2	1	0	0	0
Adv Adj Conj	213	18	0	8	3916	108	9
Pron V </s>	148	24	6	13	3618	196	6
<s> N Conj	140	4	3	0	1560	47	5
Int Int Adv	0	0	1	0	0	0	0
Conj Adj Adv	0	0	1	1	0	24	2
Adj N Int	0	0	0	2	0	0	0
Misc Prep Num	157	6	1	1	0	0	0
Art V Adv	161	6	4	6	4374	88	0
Prep Pron V	239	28	6	7	7199	279	14
N Adv N	0	8	1	2	1521	21	0
Prep Adj V	146	24	10	4	4480	82	6
Adj N Art	100	11	4	7	3593	70	2
Adj Punc V	0	0	0	1	0	0	0
Adv Misc Int	0	0	1	0	0	0	0
Prep Adj N	407	45	11	12	13011	191	23
Adj Punc N	0	0	0	1	0	0	0
Adv Art Pron	0	0	0	1	0	0	0
Num N </s>	365	18	6	9	8413	68	6
Prep Pron N	1149	86	30	25	24383	875	38
Int Pron N	0	0	2	1	0	0	0
Conj </s> <s>	123	0	0	3	1658	68	6
V N Pron	0	0	3	0	1079	26	4
Adj Art Num	0	0	0	2	0	0	0
Adj Adv Art	84	0	4	1	1390	33	0
Prep Pron </s>	103	6	2	2	2461	235	5
<s> Adv Num	0	0	1	2	0	0	0
Adv Prep Pron	314	15	7	12	5857	268	14
Pron N Misc	102	5	0	0	1202	27	0
Int V Art	0	7	0	3	1282	25	0
Misc V Misc	86	0	0	0	1104	0	0
N Pron Art	70	13	3	1	2341	52	9
Num Adv V	0	0	1	0	0	0	0
Adv V Art	316	19	9	10	8964	158	11
V Num </s>	0	0	5	1	0	0	0
N Adv V	323	21	6	14	10058	190	13
Art V Adj	0	0	2	2	1966	37	2
Misc Punc Int	0	0	0	1	0	0	0
Misc N Adj	0	0	0	1	0	0	0
N Prep Art	2479	238	54	65	89059	1290	71
Adv Num Conj	0	0	0	0	0	0	3
V Adj Prep	153	18	5	3	4966	88	5
Adv Conj Adv	73	6	2	7	1978	77	0
Misc Art Num	0	0	1	1	0	0	2
Adj Punc </s>	0	6	0	0	0	0	0
Conj Prep Pron	95	7	3	3	1858	69	2
Adv Pron </s>	0	0	0	1	0	21	0
Misc Misc Pron	188	5	1	1	0	25	0
Prep Pron Prep	147	11	4	2	3014	89	6
Misc N Adv	0	0	0	1	0	0	0
Adj Art Adj	135	9	5	3	3009	93	8
Adv Conj Adj	61	5	0	1	1002	32	4
Art N Adv	501	43	9	15	17444	341	31
Adj N N	222	10	3	5	4465	50	3
Conj Adv V	383	10	10	9	6646	187	12
N V Adv	904	79	11	25	28371	369	29
Conj Pron Adv	196	15	0	9	5074	268	11
N V Adj	298	30	8	18	9777	164	15
Conj Adv N	0	0	0	1	1142	0	0
Prep Pron Num	127	5	2	1	1414	0	0
N Adj </s>	201	0	2	3	3132	59	7
Adj N Conj	382	44	17	8	9567	215	24
Prep Conj V	75	0	1	3	0	32	3
V Adv N	91	12	2	2	2939	34	0
Adj Misc Prep	0	4	2	2	0	0	0
<s> Adj Adj	80	6	2	0	0	30	0
Num Adv N	0	0	1	0	0	0	0
V </s> <s>	2955	333	80	140	90325	2594	117
N V Conj	471	57	15	19	18850	352	12
Pron V Num	0	4	1	2	1135	0	0
Pron N Adv	340	10	6	12	6152	214	10
<s> Adj Adv	0	0	1	2	0	24	3
Prep Art Prep	0	10	1	2	2114	50	0
Prep Conj N	0	0	2	1	0	0	0
Adj V Num	0	0	4	0	0	0	0
Prep N Prep	604	57	15	23	23016	271	13
V Adv V	265	27	5	9	8916	158	8
Prep V Pron	0	6	1	4	1111	35	4
Adj Misc V	68	8	1	3	1876	0	2
Adj Prep Int	0	0	0	1	0	0	0
Misc V N	0	4	0	0	1164	0	0
Pron Adj Art	0	0	5	0	0	32	4
V Prep </s>	0	5	0	0	0	26	0
Adj N Adj	191	15	0	4	3770	78	7
Misc V V	85	0	2	0	1247	26	3
Num Num Conj	0	0	0	0	0	0	2
Adj N Adv	314	22	4	7	6550	151	12
Prep Prep Prep	0	0	1	0	0	0	0
Adv V </s>	300	21	4	12	7103	241	10
V N Num	149	0	0	0	1024	0	0
Num Adj Prep	145	0	4	0	1304	0	7
Adj Misc N	0	0	1	0	0	0	0
<s> Num Int	87	0	0	0	0	0	0
V Art N	1016	93	24	29	33890	468	39
Adj Adv </s>	62	0	0	3	1107	52	2
N Num V	256	8	1	0	2353	0	0
Pron Pron Art	0	0	2	0	967	55	0
Adv Misc Misc	127	6	0	0	0	0	2
N Pron Prep	123	10	4	3	4199	94	7
Int Adj Adj	0	0	1	0	0	0	0
<s> <s> Adv	1426	74	35	52	31257	850	40
Conj N Art	0	6	0	2	1110	28	2
<s> <s> Adj	969	66	15	38	14798	358	20
Int Pron V	0	0	0	2	0	42	0
Art N Art	142	13	9	3	7170	141	6
Int V Prep	0	6	1	0	1450	0	0
Conj Int Num	0	0	1	0	0	0	0
Pron Art Num	0	0	0	3	0	0	0
Conj Num Conj	0	0	1	0	0	0	0
V Art V	62	5	3	0	2720	34	0
N Num N	586	17	0	7	5262	27	5
Adv Pron Art	0	0	2	0	0	29	4
V Num Num	0	0	0	0	0	0	2
V Prep Adj	212	23	10	7	7960	103	11
Prep Prep Num	75	0	0	0	1214	0	0
Int Int Int	198	13	1	0	0	0	5
Pron Adv Adj	189	12	0	9	3565	177	7
Conj Int V	0	4	0	0	0	0	0
Pron Pron N	244	17	9	9	3918	186	7
Pron Adj Prep	207	6	3	4	3267	160	3
Adv Adj </s>	195	6	4	12	3976	117	5
<s> N Num	84	0	1	0	0	0	7
Prep Adv Pron	0	8	2	3	0	31	0
<s> N Int	103	9	0	0	0	0	2
Adj Pron Prep	0	0	0	2	1089	54	3
Conj Pron Num	0	0	0	4	0	0	0
<s> <s> Num	657	23	2	17	4977	69	16
Pron Adv Adv	408	15	7	16	6391	358	18
Misc Num N	85	0	0	0	0	0	0
Adv Adv Conj	92	6	3	5	2687	101	6
V Prep Adv	96	13	5	0	2499	42	2
Art Adv Pron	0	0	1	0	0	0	0
N N Prep	443	40	5	4	9510	156	11
Num Adj Adj	0	0	1	0	0	0	0
Adj Prep N	427	31	8	12	8329	130	15
Pron V Adj	169	11	2	8	4416	150	9
Pron Prep N	230	16	2	7	4783	134	7
Int Conj Art	0	0	1	0	0	0	0
N Pron V	137	18	1	2	4013	95	3
Adj V Prep	400	40	14	11	13014	218	12
<s> Conj Adj	0	0	2	2	0	31	4
Pron Prep V	100	8	4	9	2672	109	6
Adv N Prep	114	5	2	2	2802	35	2
N Pron N	160	7	4	3	4149	82	4
N Pron Misc	0	0	1	0	0	0	2
Num Prep Pron	65	4	0	2	994	0	0
Pron V Adv	554	46	11	28	14668	494	25
Adj Prep V	206	22	8	12	5348	148	8
<s> Adj Int	0	0	0	7	0	0	0
Pron Pron Pron	0	4	0	0	1184	78	2
V V Misc	0	0	1	1	0	0	0
Adj Conj N	129	12	2	3	2050	49	2
Conj Conj Adv	0	0	1	0	0	0	0
Adv Prep Adj	121	6	2	4	2865	50	0
Misc Misc Art	200	5	0	5	1209	0	4
Conj Adv Prep	198	16	6	8	4750	127	7
Conj Conj N	0	7	0	0	0	0	1
Num N Misc	169	7	2	3	0	0	0
Int Int Art	0	0	1	0	0	0	0
<s> V Pron	129	7	3	7	0	110	4
Pron V Prep	394	37	14	17	12292	337	17
Prep Prep Art	252	9	10	6	4468	77	3
V Num Prep	0	0	2	0	0	0	0
Pron N Art	122	0	4	2	2487	86	3
Adv Prep Adv	63	4	0	0	1007	33	0
Conj N Pron	0	7	1	0	1115	31	0
N V Punc	0	0	1	0	0	0	0
V Adj Pron	0	0	2	4	1020	35	3
<s> Pron Conj	0	0	1	0	0	0	0
Pron Art Adj	244	11	5	9	4515	180	14
N N Conj	323	23	3	6	5551	64	8
Prep N Misc	313	42	2	0	3487	38	9
Num Art Adj	61	0	0	0	0	0	0
Adv Adv </s>	135	11	3	10	2364	109	7
V Prep Num	497	19	6	5	9655	49	8
Adv Int Conj	0	0	1	0	0	0	0
Art Adj V	543	50	19	26	18009	369	16
Adv Adv Num	126	7	1	4	2253	24	2
N Conj Art	289	58	10	8	13243	211	12
Art Adj N	2637	188	64	74	70281	1133	83
Art Adj </s>	209	17	7	10	6414	164	14
V Adv Int	0	0	0	0	0	0	3
N Adv Pron	130	14	6	2	3072	118	11
Misc Adv V	0	4	0	0	0	20	0
Conj Pron Adj	167	26	0	3	3236	174	6
Conj V </s>	0	16	0	4	1748	51	0
<s> Adv </s>	0	0	0	0	0	22	0
N Punc N	0	0	1	0	0	0	0
Art N Adj	417	24	14	5	10077	181	15
Adj N Prep	1351	108	28	27	33856	611	50
Pron Prep Prep	61	4	2	2	1048	21	2
Art Num N	683	19	6	14	15736	118	15
Adj N Misc	532	21	7	13	6604	85	8
Conj V Pron	219	15	3	4	3321	158	17
Misc Prep Misc	251	11	0	0	0	0	3
<s> <s> Art	2245	154	51	74	67860	983	60
Conj Int Art	0	0	0	0	0	0	2
Adv V Conj	201	14	4	6	6593	169	3
Adv Adj Pron	84	4	0	3	1281	53	3
Conj Art V	121	7	2	0	3126	71	2
Adv Prep N	432	31	6	5	10187	157	12
<s> Int N	77	9	0	0	0	0	0
N N Num	147	5	0	0	1330	0	2
Misc V Prep	218	5	3	2	2448	0	2
Pron N N	168	0	4	6	2028	66	7
Prep Adv Prep	0	8	0	0	1395	20	0
Adv Prep Art	737	35	10	18	20109	472	26
Prep Prep Adj	0	5	0	2	1072	0	2
N Int </s>	0	6	0	0	0	0	0
V Adv Conj	101	16	2	6	4798	101	5
Pron N V	862	66	23	28	20715	639	26
Art Adv </s>	0	0	0	0	0	0	2
<s> Int V	227	8	2	2	2481	82	0
V V Adj	0	11	1	0	2226	41	2
Pron Misc Art	0	0	0	0	0	0	2
Conj Num Prep	0	0	0	2	0	0	3
N Adv Adv	320	14	2	11	7367	170	13
Adj Prep Art	637	37	11	20	18180	418	21
V Pron Adj	339	19	7	9	5637	221	14
V Pron Adv	730	37	12	38	11474	541	25
<s> <s> Int	1011	112	15	5	5663	322	5
Adv Adj Art	0	0	2	3	1398	37	2
Conj Misc Misc	315	4	0	2	968	0	4
N Adv Adj	180	17	3	6	4760	96	5
Misc Misc Num	144	0	2	0	0	0	0
<s> Adj Conj	63	4	0	2	0	29	2
Pron Misc </s>	0	5	0	0	0	0	0
Conj Pron Art	127	7	2	6	3508	144	8
V Conj N	157	16	3	2	5638	96	4
Art N Conj	538	75	17	17	19310	407	18
Num Art N	76	0	0	0	1211	0	4
Adj Num Adj	0	0	3	0	0	0	2
Adv Adj Adv	99	4	4	2	1974	58	3
Art V Conj	0	0	2	2	1645	44	0
Adv Adj Adj	166	0	0	3	2362	64	5
Num Prep N	140	7	3	0	2079	0	4
Adj Prep Pron	270	11	13	6	4191	375	7
Int Int V	0	4	0	4	0	0	0
Adj Conj Pron	189	13	6	4	3444	154	8
V Conj V	161	34	4	14	6630	167	14
<s> Adv Adj	91	0	0	2	1413	60	3
V Pron Num	78	4	2	3	1181	21	5
Conj Adj </s>	0	0	3	0	0	43	0
Art Num Prep	0	0	0	0	1191	0	6
Adj Adj Prep	306	13	3	6	3704	111	14
V Art Pron	0	4	0	3	0	0	0
Adv Adj Num	0	0	2	0	0	0	0
<s> Adv Adv	127	0	3	3	1723	62	3
Adj Adj Misc	140	6	2	4	1136	0	2
V Pron Prep	423	20	7	13	8427	330	10
Num Adj N	241	16	3	6	3687	47	3
Conj Conj Pron	0	0	4	0	0	50	4
V Adj </s>	84	7	2	5	1784	60	3
N Conj V	346	28	8	8	8583	152	11
Num Adj </s>	70	4	3	0	0	0	0
N Prep Adj	395	52	8	9	10851	140	9
Adv Int Int	0	0	0	2	0	0	0
V Adj Adj	88	7	0	5	1848	42	6
Adj V V	313	64	6	15	11811	283	15
V Adj Adv	118	5	5	4	2432	50	3
Punc </s> <s>	0	13	0	0	0	0	0
N Prep Adv	124	11	3	6	3308	53	2
Conj Art Pron	0	0	0	0	0	40	2
Num Adj V	80	10	0	0	1911	33	0
Conj Art Num	0	4	0	0	1245	0	0
<s> Pron Art	0	0	1	0	0	28	0
Adv Adv Prep	505	25	12	11	10158	287	17
N Conj N	417	59	9	11	11511	135	20
Adj N V	1029	110	24	35	32390	493	38
Conj V Conj	0	0	0	4	1551	46	0
V Adv Adj	393	31	11	20	10118	211	15
Int Prep Pron	0	0	0	2	0	0	0
Pron Conj Adj	0	0	0	0	0	28	0
<s> <s> Misc	179	15	0	0	0	0	2
Num Adv Adv	0	0	0	0	0	0	3
Pron Conj Adv	0	0	0	0	0	34	0
Adj Prep Num	162	7	3	0	2997	0	0
Pron Adv Art	113	4	4	5	1947	94	6
V Adv Adv	900	55	14	27	17373	392	23
Pron N Conj	213	21	2	2	4559	176	10
N Num </s>	333	5	4	0	1165	0	0
N Prep Pron	728	65	22	11	16548	568	27
Adv Art N	683	34	13	15	15112	320	24
Art Adv Adj	122	0	2	2	2288	76	2
<s> Int Prep	0	0	2	0	0	0	0
Int Int Prep	61	4	0	0	0	0	0
Art Adv Adv	104	0	3	2	1925	51	2
Adv V V	276	34	14	13	11354	279	8
V Pron Art	318	7	4	13	4661	191	14
Adv Art V	0	0	0	0	1241	26	4
N Adj N	212	13	3	4	5036	91	8
Pron V Art	291	18	6	15	8757	270	17
Conj Num N	220	22	0	3	4460	34	6
Prep V N	0	6	0	2	1415	30	2
V Adj Art	67	0	0	2	1517	32	3
Prep V Punc	0	0	2	0	0	0	0
V Conj Art	327	35	13	8	16247	302	15
Conj Art N	520	94	19	14	25809	405	21
Prep V V	261	28	0	14	7942	188	13
Art Num Adj	184	6	3	0	1926	0	4
Int V Pron	0	0	2	0	0	40	2
<s> Conj Int	0	0	0	3	0	0	3
V Int </s>	123	0	0	0	0	0	0
N Adj V	292	32	7	5	8751	144	10
Conj Num V	0	0	0	0	1115	0	5
Num </s> <s>	1064	23	15	4	7021	61	18
<s> Int Misc	0	37	0	0	0	0	0
Pron Misc Misc	127	0	0	0	0	0	2
Art Art Adj	0	0	0	0	0	21	2
<s> Adv Pron	84	5	0	4	1890	56	0
Num N Prep	993	66	10	17	19926	140	17
Pron N Num	0	5	0	2	0	0	0
Adv Num Adj	71	0	0	0	1231	22	0
Prep Pron Art	72	4	3	3	1602	41	0
Adj Adj Pron	0	0	2	0	0	35	3
V Pron </s>	75	8	3	2	2178	49	2
Adv Num Adv	0	0	1	0	0	0	0
Num N Num	422	11	0	0	2590	0	0
V Conj Pron	444	55	4	16	14772	572	18
Conj Pron </s>	0	0	2	0	0	26	0
Misc Prep Adv	0	0	2	0	0	0	0
Adv Conj Prep	0	0	0	0	993	19	0
Misc Conj Adj	77	0	0	0	0	0	0
Prep V </s>	538	62	23	29	16276	408	21
Adj V Pron	258	11	7	6	4734	157	10
<s> Art N	1169	75	22	38	36640	501	26
Misc Misc Conj	571	19	0	3	2472	22	7
Adj Adv Prep	118	8	3	7	3158	72	7
<s> Art Num	142	6	2	4	2479	23	5
<s> Art V	269	18	4	15	9607	205	7
Misc Conj Adv	0	0	0	0	0	0	4
V Misc Misc	182	10	0	0	975	25	0
Adj Adj V	243	13	10	7	4647	106	8
<s> Pron Adv	0	3	0	0	0	47	4
<s> N Pron	100	5	3	3	1631	54	3
Misc Misc Adv	135	6	0	0	0	0	0
Pron N Adj	126	10	2	4	2663	77	3
<s> N </s>	182	5	2	0	0	30	0
Misc Adj Pron	0	0	1	0	0	0	0
Adj Adj N	269	12	4	7	5519	110	12
<s> Pron N	337	20	5	7	5280	210	13
V Prep N	846	86	22	19	23356	234	16
N N V	612	39	7	13	14266	163	14
Conj N N	204	9	1	4	3025	32	4
Adv V N	130	10	3	9	3102	56	5
Conj Prep Adj	0	8	5	0	1035	28	4
N Conj Adj	172	18	4	7	4089	92	10
Adv </s> <s>	712	41	15	26	12044	500	30
Int Art N	0	5	0	2	0	0	3
N Conj Adv	290	24	6	6	6723	140	17
N Conj Int	0	7	0	0	990	0	0
<s> Pron V	944	82	25	64	34661	1093	54
V Prep V	160	21	4	6	5997	145	10
N N N	344	36	3	5	4555	46	4
Conj N V	188	24	4	2	5396	96	5
Adj V N	93	7	4	3	2670	37	0
Prep Num Prep	365	6	2	2	4696	30	3
Adv Adv Art	369	7	11	7	4423	122	9
Prep Adj Adj	95	7	0	3	1876	42	2
Adj V </s>	357	43	15	14	9186	323	16
N Pron Num	0	4	0	0	0	0	0
Prep Pron Misc	0	11	0	0	0	0	2
V Conj Adv	294	21	13	10	10138	247	10
Adj Pron Art	0	0	0	0	0	20	0
Conj Misc Prep	0	0	2	0	0	0	0
Art N Pron	228	29	7	4	8427	177	11
V Conj Adj	110	13	0	6	3688	78	5
Adv Prep V	236	23	9	6	6941	166	7
V Art Num	141	5	3	3	2518	0	3
N Adj Misc	187	6	0	0	1414	0	4
N Adj Prep	226	12	5	7	5718	260	4
Adj Pron N	100	5	3	4	1670	44	2
Conj Pron N	258	24	4	9	5768	219	11
Conj N Adv	74	9	0	3	1907	45	4
N Conj Prep	164	15	6	2	4880	93	9
<s> Num V	71	0	0	2	0	0	0
Conj Pron Conj	0	0	0	0	0	24	0
Prep Prep V	162	13	4	15	4883	88	5
Conj Adj Num	0	0	0	0	0	0	2
<s> Num N	273	13	0	10	2983	41	0
Conj N Adj	66	7	0	2	1403	29	0
Prep Prep N	155	5	2	5	2899	40	3
Pron Prep </s>	0	0	0	0	0	26	0
Pron Num Adj	117	0	0	2	0	0	2
Adj Pron V	93	0	2	4	1655	66	4
Conj Pron V	511	34	8	16	9831	410	17
Prep Adv Art	0	0	2	0	0	0	0
Prep Art Num	423	15	4	5	13134	90	16
Pron Conj Pron	73	6	0	2	977	82	0
Adj Pron Misc	0	0	2	0	0	0	0
Misc V Adv	189	7	0	0	1852	0	2
Art Adj Pron	94	4	6	3	1959	77	4
Adj Misc </s>	99	6	0	2	1877	28	0
Adv Adv N	81	4	0	2	1758	40	2
Adv Pron Prep	110	13	2	2	2143	87	4
Adj Prep Adj	126	15	3	0	2360	44	4
Adv Adv V	387	27	3	14	9092	267	13
Prep Prep Pron	107	0	3	3	0	27	2
Adj Prep Adv	0	0	3	2	0	0	0
Num V Adv	128	4	2	0	1343	0	3
Adj Conj Prep	103	9	4	0	2095	53	3
<s> Adv N	0	0	3	0	994	26	0
Art Pron V	0	0	2	0	0	39	0
<s> V V	0	0	0	0	0	0	2
V N Conj	72	5	0	3	2128	42	8
N Art Prep	0	0	1	1	0	0	0
Conj Adv Misc	0	3	0	0	0	0	0
<s> V N	0	0	0	0	0	21	2
Misc N </s>	72	0	0	2	0	0	0
Adj Int V	0	0	0	2	0	0	0
Art Pron N	76	4	2	0	2455	71	4
<s> Conj Num	0	0	0	2	0	0	0
Art Prep V	0	0	0	0	0	0	2
Conj Adj Art	0	0	1	1	0	0	0
Art V V	78	9	2	2	2647	68	0
N Num Num	0	0	0	0	980	0	0
N V Misc	174	13	0	4	3047	65	0
N Prep N	1692	169	17	36	53790	632	38
Adj Num Conj	0	0	2	0	0	0	0
Adv Num N	267	23	6	10	6278	67	5
Punc Misc Misc	177	0	0	1	0	0	0
<s> Adv V	705	47	20	29	18987	447	22
Art N N	655	49	4	12	14300	235	19
N Prep V	493	53	12	16	16286	301	16
N Prep Misc	370	27	3	6	5256	65	5
<s> Adj Prep	0	7	4	3	0	33	0
Adv Num V	0	0	0	0	1110	0	0
V Art Prep	67	4	0	6	2081	42	2
Prep Art N	4213	354	61	102	145435	2429	126
V Pron Pron	302	14	5	6	4782	260	16
V Prep Pron	529	43	12	13	12600	358	21
Art Prep N	0	0	0	3	1251	29	0
Num Prep Prep	72	0	0	0	0	0	0
<s> Int Adj	0	7	2	0	0	0	0
Adv Adv Pron	174	10	0	0	2711	115	7
Misc Art N	153	6	0	5	1925	35	3
Prep Num </s>	453	8	2	0	2971	0	0
Num N N	164	7	5	0	2129	0	0
N Adv </s>	163	9	4	4	2896	108	8
Adj Misc Misc	454	8	5	0	1764	33	6
V Pron N	428	17	2	14	8291	258	16
Prep Adj Punc	0	6	0	0	0	0	0
Conj N Prep	193	22	4	6	6295	105	7
Misc Conj N	140	6	0	1	1249	0	0
Int V N	0	0	0	2	0	0	0
V Pron V	187	20	6	12	5764	159	12
<s> Num Adj	0	0	0	3	0	0	0
N V Prep	1199	94	20	13	41075	420	31
Adj Adv V	124	0	5	2	3060	76	3
<s> Int Adv	65	6	0	0	0	0	0
Num N V	597	51	8	31	17382	131	20
<s> N Adj	116	0	0	2	1402	194	2
N Prep Num	955	41	8	5	12763	98	10
Int </s> <s>	427	35	2	4	3615	163	3
Prep Art Conj	0	0	0	0	0	22	0
Num Conj V	0	0	2	0	0	0	0
Conj Misc N	74	0	0	0	0	0	0
V Adv Num	137	11	0	0	3534	36	4
N Num Prep	274	8	2	2	2279	0	5
Adv N Adj	0	0	0	0	0	21	0
Num Num </s>	0	5	3	0	0	0	0
Adj V Conj	219	30	4	11	7064	195	13
Prep Adv </s>	0	0	0	0	0	29	0
N Adv Prep	407	18	4	10	10302	168	16
Prep Misc Misc	356	15	2	0	1367	25	4
Art N Prep	3071	254	54	74	100226	1457	65
Prep Pron Adv	88	0	2	3	1865	66	3
Pron Prep Pron	199	18	4	3	3326	234	7
N Adv Art	239	15	6	2	4339	94	7
Prep Adv Adj	0	5	3	0	0	0	0
<s> Int Num	0	4	0	0	0	0	0
<s> Pron Prep	0	4	0	0	0	23	0
Int Misc N	0	12	0	0	0	0	0
Prep Adv Adv	62	0	2	0	1219	22	0
Prep Pron Adj	555	22	15	16	6810	357	17
Art Num </s>	0	0	0	1	0	0	0
Int Adv Art	0	0	0	0	0	0	2
Num Prep Art	216	5	0	5	4179	30	2
Misc V Pron	119	5	0	0	1489	29	2
Adv Misc V	0	0	1	0	0	0	0
Misc Pron V	0	0	2	0	0	39	2
<s> Int Art	0	0	2	0	0	0	0
<s> Prep Art	452	39	7	14	17460	236	20
Adj N Num	133	0	0	0	1211	0	0
N N Art	91	5	0	0	2134	25	0
V N N	133	5	0	0	2835	23	2
Num Adv </s>	0	0	2	0	0	0	0
Misc V Adj	0	0	0	0	0	0	2
Art Adv Prep	61	0	0	0	1714	51	0
Conj Prep Art	160	11	4	8	6081	118	5
Prep Num Conj	203	8	0	0	2757	0	5
Misc </s> <s>	1887	154	9	22	14538	197	24
Prep N </s>	687	57	9	26	17767	251	19
Adj Prep Conj	0	0	0	1	0	26	0
Adv Pron Pron	75	9	0	5	1214	73	2
Misc Prep Pron	87	0	2	2	0	0	0
<s> Misc Misc	132	11	0	0	0	0	0
V Num Adv	0	0	2	0	0	0	0
V Prep Conj	0	0	0	0	0	20	0
Adv V Pron	603	19	9	21	9674	404	18
Adj Adv Pron	0	0	0	2	0	38	0
V V Pron	242	24	8	10	5821	230	11
Misc N N	0	13	0	0	0	0	0
Prep N Adv	140	12	5	2	4882	79	2
N Adj Art	0	4	0	0	1161	31	0
Adj Prep Prep	121	6	3	3	1956	36	3
Adv Num Prep	0	0	0	2	0	0	0
Num Prep Adj	0	0	0	2	0	0	13
V Num Adj	0	8	0	0	0	0	2
V Adj Conj	82	7	5	0	3262	81	3
<s> Adv Conj	63	0	3	5	1002	76	0
Misc Num Num	0	0	2	0	0	0	0
Misc Adj N	0	0	0	0	0	0	2
<s> V Adv	0	0	0	0	0	41	2
Num V </s>	115	0	0	0	1656	0	2
Conj Adv </s>	65	5	3	0	1162	38	3
Adv Art Num	131	0	0	2	1314	0	4
Conj Adj Conj	0	0	0	0	0	25	0
Art Adv Conj	0	0	3	2	0	0	0
V Adv Art	388	18	7	9	8863	155	14
Num N Art	142	5	0	2	2530	20	0
Misc V Art	177	12	0	5	2826	0	2
V N Art	0	0	0	6	1666	24	0
Adj Int Conj	0	0	2	0	0	0	0
<s> Pron Pron	71	5	2	0	1540	92	2
Int Conj Adj	0	0	0	0	0	0	2
Num V Art	142	4	0	2	1511	0	3
Misc Conj Misc	367	7	2	3	1463	0	3
Misc Misc V	467	11	2	2	2145	38	5
Conj Art Prep	0	5	0	0	1179	24	3
Pron Num Prep	0	0	0	0	0	0	3
V N V	129	16	2	11	5656	101	6
<s> Int Int	340	35	2	0	1127	38	3
N Art N	394	33	10	8	14144	235	7
<s> Conj Prep	63	4	2	4	1139	50	2
Prep Misc V	83	0	0	0	2058	0	0
Misc Conj V	61	0	2	2	0	0	4
<s> Num </s>	101	0	0	0	0	0	14
Pron Adv Pron	101	0	0	5	1441	97	7
N Art V	0	4	0	2	1266	21	0
Art N V	1894	166	37	60	75042	1258	71
Prep Misc N	130	6	0	0	0	0	2
Prep Adj </s>	138	10	3	3	2844	52	6
Art N Num	239	10	5	6	3318	23	7
Int Adj V	0	0	1	0	0	0	0
Adv Misc </s>	0	6	0	0	0	0	0
Num V Pron	151	0	0	2	1244	0	0
V Adj Int	0	0	1	0	0	0	0
Int Int Misc	104	7	0	0	0	0	0
<s> <s> Prep	1380	126	19	42	36561	591	48
Adj V Art	192	6	9	7	5808	84	5
Prep Num Adj	147	11	5	0	2315	29	0
Conj Misc </s>	76	8	0	0	0	0	0
Adj </s> <s>	1331	63	30	55	24082	674	43
Conj Adv Adj	84	12	3	3	2464	62	8
Conj Adv Adv	200	10	3	11	4164	128	10
Pron Adv </s>	94	0	0	5	988	56	3
Misc Misc Punc	117	0	0	0	0	0	0
N Conj Pron	361	33	9	11	8397	301	13
<s> Prep Pron	253	18	2	5	4563	156	11
Misc Misc Prep	644	24	6	4	2645	26	3
Art Prep Pron	0	0	0	0	0	30	0
N Conj Conj	0	6	0	0	0	22	3
Adv Prep Num	206	6	3	0	3408	25	10
N N Misc	585	16	3	4	5210	28	9
V Adv Prep	427	26	7	6	13879	233	11
Prep Art Adv	0	0	2	2	1158	41	0
<s> V Art	0	5	4	0	0	26	0
<s> Conj Art	116	9	2	5	2964	92	11
Prep Art Adj	2068	143	63	64	62960	1082	63
Misc Pron N	0	0	0	2	0	0	0
<s> <s> Conj	1081	55	16	48	14578	801	50
<s> V Prep	0	0	0	0	0	0	2
Misc Conj Art	0	0	0	0	1046	0	0
Num N Pron	73	9	0	0	1877	0	0
Prep Adj Num	0	0	0	0	969	0	0
Adv Pron N	245	15	4	9	4762	144	8
Adj V Adv	275	14	6	4	5974	112	8
Adv Pron V	148	20	0	5	3699	141	8
V Conj Prep	120	12	6	8	5293	104	0
Adj V Adj	95	9	6	4	2282	49	4
V Prep Prep	114	0	2	2	2549	35	2
<s> Punc Punc	0	4	0	0	0	0	0
Art Adj Conj	178	16	9	5	5391	119	11
<s> Adv Prep	116	5	2	2	2069	56	5
Prep Num N	789	55	13	13	17772	129	16
Pron Adj N	506	39	10	3	7007	313	13
Adv Adj Misc	0	0	0	0	0	0	3
Prep Num V	420	17	0	4	4946	34	5
Conj N </s>	130	16	7	0	2681	31	7
N Num Adj	0	4	0	0	0	0	0
Num V Prep	158	6	0	0	3001	0	2
Pron Adj V	245	29	8	5	6167	242	14
N Adv Num	0	0	0	5	1593	0	0
Num V Conj	64	0	0	0	1169	0	4
Prep N Art	97	5	2	2	3971	60	3
Adv Adv Adv	574	14	4	20	7738	286	20
Art Pron Adj	0	0	0	2	0	0	0
Prep Num Adv	94	0	0	0	0	0	0
N V Pron	799	40	9	39	16726	500	29
Pron V Conj	178	21	3	5	6864	252	15
Pron Art V	0	0	3	0	1088	43	3
Pron N Pron	92	8	6	4	1820	98	6
Pron Pron V	176	20	5	7	3755	191	13
Pron Art N	315	24	10	10	7815	253	16
Adv Adv Adj	430	13	4	18	7096	188	17
<s> <s> Punc	0	8	3	1	0	0	0
Art V Num	0	7	2	0	0	0	0
Prep N N	917	50	7	10	14838	154	22
Conj Int Pron	0	0	0	2	0	0	0
Prep Art </s>	0	4	0	0	1095	0	0
Adj Conj </s>	0	0	0	0	0	0	3
<s> <s> V	268	23	8	8	2439	240	14
<s> N Prep	177	78	3	6	3141	77	4
Misc Conj Pron	99	5	0	2	0	27	2
Misc Pron Misc	0	0	0	0	0	0	2
<s> <s> N	2520	211	28	32	34060	749	52
Art Adj Misc	155	0	6	1	2879	50	2
Conj V Art	124	8	3	3	3059	57	2
Pron Adv Num	0	4	2	0	0	0	0
Prep Art Pron	0	7	0	2	2008	61	0
Prep N V	695	87	16	22	28391	372	19
N Int V	0	0	0	1	0	0	0
Art Adj Art	0	6	3	3	1820	50	3
<s> Prep V	0	0	0	2	0	0	0
<s> Conj Adv	253	8	0	13	2320	127	12
Adv Conj Num	0	6	0	0	1012	0	2
Art N Misc	265	13	2	7	4808	63	6
Prep Misc Conj	0	0	0	0	0	0	2
Art Pron Adv	0	0	0	2	0	0	0
Conj Adv Num	0	0	0	0	0	0	3
Art V Prep	169	22	5	2	6460	106	8
Punc Punc </s>	0	4	0	0	0	0	0
<s> Prep N	341	41	4	11	8395	117	10
Adj Adj Conj	142	8	4	0	1946	62	3
N Conj </s>	0	0	0	2	0	0	0
Pron Pron Conj	0	0	0	0	0	35	0
Conj Num Adj	0	0	2	0	0	0	2
Pron Prep Adv	0	6	2	0	0	31	0
Adj Adj Adv	0	0	0	1	0	0	0
Conj Prep V	63	10	3	3	2182	73	2
Misc Art Adj	116	0	0	4	1196	23	3
V Adv </s>	72	6	2	2	1942	63	5
Int V Int	108	0	0	0	0	0	0
Misc Prep V	0	0	0	0	0	0	4
<s> Misc N	0	4	0	0	0	0	2
Prep Adv Num	0	0	3	1	984	0	0
Conj Prep Prep	0	0	2	0	0	0	0
Misc N Misc	157	7	0	0	0	0	4
Conj Prep N	150	5	2	0	3390	37	3
Pron Prep Adj	75	0	3	2	1487	53	0
Adj Pron </s>	0	0	0	2	0	0	0
V V V	245	60	15	13	14079	280	19
Pron V N	97	10	0	5	2350	87	2
V N </s>	69	6	2	6	2297	49	3
Pron Pron Prep	126	11	2	0	2075	136	5
V Prep Misc	83	0	0	0	1126	0	2
<s> N Art	0	22	1	0	1016	0	1
Num Conj Num	197	7	0	0	2783	0	7
<s> Prep Adv	0	0	0	2	0	0	0
Prep </s> <s>	569	22	8	12	7877	270	17
Misc Misc </s>	920	49	2	9	2518	44	14
V V N	82	6	2	7	2538	24	4
Adj Adj </s>	174	10	2	6	2122	67	5
Pron V V	337	39	8	11	10460	334	19
V Pron Conj	74	6	0	0	1476	89	0
<s> Adv Int	0	0	0	2	0	0	0
Pron Conj N	0	0	0	0	0	23	0
Adj N </s>	714	47	13	24	16315	339	27
Pron </s> <s>	346	23	8	10	6162	379	8
<s> N N	575	21	2	5	6308	45	10
<s> Adj N	269	19	0	10	4344	77	5
N Art Adj	305	29	9	13	8024	170	11
V V Art	127	37	6	9	5952	87	9
V Adv Misc	0	5	0	0	0	0	0
<s> Adj V	236	20	5	6	5762	115	5
Misc Prep Art	241	13	4	3	3166	35	2
Adj Conj Art	135	14	4	5	4425	85	4
Prep Misc </s>	199	20	2	5	2161	27	0
Pron Conj V	0	4	0	0	0	30	2
Int Misc </s>	0	5	0	0	0	0	0
Pron Prep Num	139	5	3	0	2115	22	2
Adv V Num	0	8	0	1	1168	0	0
Prep Conj Adv	0	0	0	0	0	0	2
Conj Adj V	118	9	0	5	3026	89	5
Art V </s>	0	0	2	0	0	42	3
Num Prep Conj	70	0	0	0	0	0	0
N Misc Art	68	0	0	4	1098	27	0
Conj V Adj	60	9	3	0	1363	37	3
V Num V	0	0	0	2	0	0	0
Conj V Adv	198	6	2	5	4513	83	8
N </s> <s>	4002	277	60	113	89161	1671	122
<s> N Adv	136	9	0	2	1136	43	3
Prep Num Art	89	0	0	0	1300	0	3
Conj Adj N	213	33	2	0	4466	61	9
Pron Conj Art	0	0	0	0	0	34	0
Prep V Prep	341	26	6	12	9248	136	10
N Misc Pron	64	0	0	0	0	20	2
N Misc Conj	176	5	4	0	2375	21	3
N V Art	767	74	18	23	26908	298	22
N Int Int	0	0	0	2	0	0	0
Prep V Conj	200	17	9	8	6972	188	7
Misc Punc Misc	150	0	0	0	0	0	0
V Num N	184	28	3	7	6020	45	4
Prep Conj Prep	91	0	0	0	0	0	4
Int Int </s>	101	22	0	0	0	0	0
Art Adj Prep	666	51	21	22	16369	365	18
Adj Art N	194	11	3	5	4806	106	8
Num N Adv	245	14	2	7	4714	53	6
Adj Num N	136	6	0	5	3890	26	4
Art Adj Num	62	0	6	0	1932	0	3
Prep Adj Pron	0	0	0	2	0	0	0
Adj Num V	0	0	2	0	0	0	0
<s> Adj </s>	0	0	2	2	0	0	1
Pron Adv Prep	328	16	7	8	5772	239	10
N N Adv	166	5	3	5	2927	52	7
Int Prep Art	0	0	0	1	0	0	0
Num N Adj	202	7	0	2	3938	29	4
Adv N Adv	0	0	2	0	0	0	0
Pron Adv Conj	0	5	0	5	1213	80	6
Pron N Prep	662	35	10	15	13116	405	17
Art V Pron	0	0	0	2	975	52	0
N Misc Adv	63	0	0	0	0	22	0
V Adv Pron	231	29	2	6	5102	158	5
V V Num	0	7	2	0	0	0	0
Conj Pron Pron	178	17	6	5	3576	246	3
Adv Adj V	269	25	11	15	7855	219	14
V Adj Num	0	4	0	3	0	0	0
Art N </s>	863	56	8	25	27980	513	27
<s> <s> Pron	1731	126	39	72	45256	1634	82
Conj Adv Art	101	5	0	4	2515	85	6
Adv Adj N	187	15	3	6	4247	92	6
N N Adj	105	0	0	2	1892	44	4
Prep Num Num	68	6	2	0	1874	0	2
Adj Pron Pron	0	0	3	3	0	45	3
Adv Conj Pron	124	8	2	6	2870	166	6
<s> Prep Adj	0	4	0	2	1334	27	3
Art Num Num	0	4	0	0	0	0	0
Num Misc Misc	88	0	0	0	0	0	0
Prep Adj Misc	0	4	0	0	0	0	0
